{"name":"كرتوني","short_name":"كرتوني","icons":[{"src":"/assets/img/pwa/icons/app-icon-192x192.png","sizes":"192x192","type":"image/png","purpose":"any"},{"src":"/assets/img/pwa/icons/app-icon-512x512.png","sizes":"512x512","type":"image/png","purpose":"any"},{"src":"/assets/img/pwa/icons/app-icon-192x192.png","sizes":"192x192","type":"image/png","purpose":"maskable"},{"src":"/assets/img/pwa/icons/app-icon-512x512.png","sizes":"512x512","type":"image/png","purpose":"maskable"}],"start_url":"/","display":"standalone","prefer_related_applications":false,"theme_color":"#1c1c1c","background_color":"#1c1c1c","description":"شاهد مسلسلات الكرتون القديمة والجديدة بجودة عالية وبدون إعلانات","id":"cartoony","dir":"auto","scope":"/","lang":"ar","orientation":"portrait","categories":["entertainment","kids"],"scope_extensions":[{"origin":"*.cartoony.net"}],"launch_handler":{"client_mode":"auto"},"screenshots":[{"src":"/assets/img/pwa/screenshots/1SCR.webp","sizes":"1080x1920","type":"image/webp"},{"src":"/assets/img/pwa/screenshots/2SCR.webp","sizes":"1080x1920","type":"image/webp"},{"src":"/assets/img/pwa/screenshots/3SCR.webp","sizes":"1080x1920","type":"image/webp"},{"src":"/assets/img/pwa/screenshots/4SCR.webp","sizes":"1080x1920","type":"image/webp"},{"src":"/assets/img/pwa/screenshots/1SCW.webp","sizes":"1920x1080","type":"image/webp","form_factor":"wide"},{"src":"/assets/img/pwa/screenshots/2SCW.webp","sizes":"1920x1080","type":"image/webp","form_factor":"wide"},{"src":"/assets/img/pwa/screenshots/3SCW.webp","sizes":"1920x1080","type":"image/webp","form_factor":"wide"},{"src":"/assets/img/pwa/screenshots/4SCW.webp","sizes":"1920x1080","type":"image/webp","form_factor":"wide"}]}